Name,Type,Access,Lon,Lat,Geometry
Nthandanyathi,Bird hide,Public,31.959580185316714,-25.207328830642012,POINT (31.959580185316714 -25.207328830642012)
Lake Panic,Bird hide,Public,31.566088551440078,-24.981317586090547,POINT (31.566088551440078 -24.981317586090547)
Sweni,Bird hide,Public,31.973105204149864,-24.473604082092415,POINT (31.973105204149864 -24.473604082092415)
Ratel Pan,Bird hide,Public,31.642755407803367,-24.24206389083316,POINT (31.642755407803367 -24.24206389083316)
Sable Dam,Bird hide,Public,31.239261041099486,-23.93959427009438,POINT (31.239261041099486 -23.93959427009438)
Matambeni,Bird hide,Public,31.618283504393037,-23.842716492235905,POINT (31.618283504393037 -23.842716492235905)
Shipandani,Bird hide,Public,31.432160702943087,-23.546371710865,POINT (31.432160702943087 -23.546371710865)
Pioneer Dam,Bird hide,Public,31.392255718137694,-23.52012326458656,POINT (31.392255718137694 -23.52012326458656)
Biyamiti,Bird hide,Public,31.711378865066337,-25.306764145608817,POINT (31.711378865066337 -25.306764145608817)
Coetzee Dam,Bird hide,Public,31.01736962527566,-22.693227903646207,POINT (31.01736962527566 -22.693227903646207)
Gardenia,Bird hide,Public,31.60762618467928,-25.37369520925458,POINT (31.60762618467928 -25.37369520925458)
Nyawutsi,Bird hide,Public,31.532105936459736,-23.28384673968155,POINT (31.532105936459736 -23.28384673968155)
Kanniedood,Bird hide,Public,31.456858277940686,-23.141234470198853,POINT (31.456858277940686 -23.141234470198853)
Bateleur,Bushveld camp,Public,31.201355976841,-23.233427993998173,POINT (31.201355976841 -23.233427993998173)
Berg-en-Dal,Rest camp,Public,31.444319855824595,-25.428126851153632,POINT (31.444319855824595 -25.428126851153632)
Biyamiti,Bushveld camp,Public,31.710347054127187,-25.308106508820956,POINT (31.710347054127187 -25.308106508820956)
Boulders,Bush Lodge,Private,31.37501088614957,-23.60793350419456,POINT (31.37501088614957 -23.60793350419456)
Crocodile Bridge,Rest camp,Public,31.89330364010209,-25.358233850884123,POINT (31.89330364010209 -25.358233850884123)
Letaba,Rest camp,Public,31.57451374376673,-23.85430033699618,POINT (31.57451374376673 -23.85430033699618)
Lower Sabie,Rest camp,Public,31.91437694895015,-25.119944502413436,POINT (31.91437694895015 -25.119944502413436)
Malelane,Satellite camp,Public,31.51273269058665,-25.470369247759475,POINT (31.51273269058665 -25.470369247759475)
Mopani,Rest camp,Public,31.399132836948997,-23.521639819788223,POINT (31.399132836948997 -23.521639819788223)
Olifants,Rest camp,Public,31.7386871449655,-24.00454966132233,POINT (31.7386871449655 -24.00454966132233)
Orpen,Rest camp,Public,31.390477850274245,-24.475655986266077,POINT (31.390477850274245 -24.475655986266077)
Roodewal,Bush Lodge,Private,31.632848860421763,-24.14663019297093,POINT (31.632848860421763 -24.14663019297093)
Skukuza,Rest camp,Public,31.591989637766584,-24.996507331891323,POINT (31.591989637766584 -24.996507331891323)
Talamati,Bushveld camp,Public,31.555199435192723,-24.556249356517526,POINT (31.555199435192723 -24.556249356517526)
Shimuwini,Bushveld camp,Public,31.2663045657415,-23.714663361375354,POINT (31.2663045657415 -23.714663361375354)
Shingwedzi,Rest camp,Public,31.434153793525685,-23.107844185540074,POINT (31.434153793525685 -23.107844185540074)
Sirheni,Bushveld camp,Public,31.22153513972683,-22.946060870439002,POINT (31.22153513972683 -22.946060870439002)
Njalaland Trails,Trails camp,Private,31.085604477962228,-22.512904599446937,POINT (31.085604477962228 -22.512904599446937)
Boesman Trails,Trails camp,Private,31.363146867491523,-25.41460355560036,POINT (31.363146867491523 -25.41460355560036)
Metsimetsi Trails,Trails camp,Private,31.913290973663454,-24.748342443019258,POINT (31.913290973663454 -24.748342443019258)
Wolhuter Trails,Trails camp,Private,31.39256452876294,-25.37246469417182,POINT (31.39256452876294 -25.37246469417182)
Napi Trails,Trails camp,Private,31.43823484483229,-25.163581532573687,POINT (31.43823484483229 -25.163581532573687)
Olifants Trails,Trails camp,Private,31.805295084011256,-23.99646694041273,POINT (31.805295084011256 -23.99646694041273)
Sweni Trails,Trails camp,Private,31.925294606247853,-24.490398812674677,POINT (31.925294606247853 -24.490398812674677)
Gorge,Unspecified,Private,31.82313728343006,-23.999608971206715,POINT (31.82313728343006 -23.999608971206715)
Balule,Satellite camp,Public,31.733020373834496,-24.053980346565005,POINT (31.733020373834496 -24.053980346565005)
Maroela,Satellite camp,Public,31.399115384447416,-24.456100015340112,POINT (31.399115384447416 -24.456100015340112)
Tamboti,Satellite camp,Public,31.40661762160608,-24.454645590439537,POINT (31.40661762160608 -24.454645590439537)
Lonely Bull,Backpack camp,Private,31.387331009051643,-23.748825051114412,POINT (31.387331009051643 -23.748825051114412)
Mitini,Unspecified,Private,31.9354381562319,-25.119829154689867,POINT (31.9354381562319 -25.119829154689867)
Pretoriuskop,Rest camp,Public,31.268696006058565,-25.168990139725594,POINT (31.268696006058565 -25.168990139725594)
Punda Maria,Rest camp,Public,31.018924936716804,-22.692239597900695,POINT (31.018924936716804 -22.692239597900695)
Satara,Rest camp,Public,31.780473375065686,-24.39220480951074,POINT (31.780473375065686 -24.39220480951074)
Houtboschrand,Ranger camp,Staff,31.66733360302502,-24.10490033770487,POINT (31.66733360302502 -24.10490033770487)
Kingfisherspruit,Ranger camp,Staff,31.44628399330664,-24.460180466268667,POINT (31.44628399330664 -24.460180466268667)
Mahlangeni,Ranger camp,Staff,31.147435172799575,-23.647772297943654,POINT (31.147435172799575 -23.647772297943654)
Mooiplaas,Ranger camp,Staff,31.403732299941094,-23.51934240053417,POINT (31.403732299941094 -23.51934240053417)
Phalaborwa,Ranger camp,Staff,31.162023544474007,-23.939008690497527,POINT (31.162023544474007 -23.939008690497527)
Stolznek,Ranger camp,Staff,31.392620086829222,-25.321418738896313,POINT (31.392620086829222 -25.321418738896313)
Tshokwane,Ranger camp,Staff,31.85593605052382,-24.78815457913149,POINT (31.85593605052382 -24.78815457913149)
Vlakteplaas,Ranger camp,Staff,31.227333068990703,-22.867990472332323,POINT (31.227333068990703 -22.867990472332323)
Woodlands,Ranger camp,Staff,31.212028503566717,-23.219661690929673,POINT (31.212028503566717 -23.219661690929673)
Shangoni,Ranger camp,Staff,30.942623138597657,-23.167463280939288,POINT (30.942623138597657 -23.167463280939288)
Baobab Hill Bush House,Concession camp,Private,31.211109046086545,-22.42060676369194,POINT (31.211109046086545 -22.42060676369194)
Phabeni K9 Centre,Kennels/ K9 training,Staff,31.250014426917637,-25.019485699338954,POINT (31.250014426917637 -25.019485699338954)
Kongoma Base,SANDF Base,Private,31.969839096172127,-25.389211631297552,POINT (31.969839096172127 -25.389211631297552)
Makhadzi Base,SANDF Base,Private,31.62063598644783,-23.691329933968937,POINT (31.62063598644783 -23.691329933968937)
Masokosa Base,SANDF Base,Private,31.267936706679908,-22.632509210310243,POINT (31.267936706679908 -22.632509210310243)
Sand River Base,SANDF Base,Private,31.618429184093053,-24.956241584623342,POINT (31.618429184093053 -24.956241584623342)
Shishangani Base,SANDF Base,Private,31.90263748179068,-24.415979362735843,POINT (31.90263748179068 -24.415979362735843)
Tsendze,Satellite camp,Public,31.44416785086622,-23.556472581480236,POINT (31.44416785086622 -23.556472581480236)
Pafuri Picnic,Staff Accommodation,Staff,31.248049184773006,-22.423207089489047,POINT (31.248049184773006 -22.423207089489047)
Nwanetsi,Ranger camp,Staff,31.976666666761542,-24.47146664398422,POINT (31.976666666761542 -24.47146664398422)
Mlondozi LOET camp,4X4 Camp,Private,31.9950097818168,-25.141881134868836,POINT (31.9950097818168 -25.141881134868836)
Afsaal Picnic,Staff Accommodation,Staff,31.533277824784193,-25.286745162135155,POINT (31.533277824784193 -25.286745162135155)
Mooiplaas Picnic,Staff Accommodation,Staff,31.441527079302034,-23.555147384870224,POINT (31.441527079302034 -23.555147384870224)
Muzandzeni Picnic,Staff Accommodation,Staff,31.636288292686068,-24.482189913948865,POINT (31.636288292686068 -24.482189913948865)
Nkulu Picnic,Staff Accommodation,Staff,31.769689200381915,-24.997527838440874,POINT (31.769689200381915 -24.997527838440874)
Timbavati Picnic,Staff Accommodation,Staff,31.643928765691545,-24.25985374987991,POINT (31.643928765691545 -24.25985374987991)
Babalala Picnic,Staff Accommodation,Staff,31.25228108501961,-22.904885119867775,POINT (31.25228108501961 -22.904885119867775)
Makhadzi Picnic,Staff Accommodation,Staff,31.621301050653784,-23.691428477348893,POINT (31.621301050653784 -23.691428477348893)
Mlondozi Picnic,Staff Accommodation,Staff,31.936425862759297,-25.03529417468659,POINT (31.936425862759297 -25.03529417468659)
Nwanetsi Picnic,Staff Accommodation,Staff,31.976184536228335,-24.45753109334583,POINT (31.976184536228335 -24.45753109334583)
Nhlanguleni Picnic,Staff Accommodation,Staff,31.655859823307,-24.70956468481163,POINT (31.655859823307 -24.70956468481163)
Sandriver Bushcamp,HR camp,Private,31.685370083507724,-24.950734001637336,POINT (31.685370083507724 -24.950734001637336)
Camp Shonga,Concession camp,Private,31.99017600010049,-25.35397697666025,POINT (31.99017600010049 -25.35397697666025)
Camp Shawu,Concession camp,Private,31.972177391823756,-25.307692051189377,POINT (31.972177391823756 -25.307692051189377)
Singita Lebombo Lodge,Concession camp,Private,31.97769440214757,-24.452305584640136,POINT (31.97769440214757 -24.452305584640136)
Rhino Walking Sleep-out Camp,Concession camp,Private,31.65811398801292,-24.839319333151238,POINT (31.65811398801292 -24.839319333151238)
Rhino Walking Plains Camp,Concession camp,Private,31.656137411888945,-24.87296182545409,POINT (31.656137411888945 -24.87296182545409)
Rhino Post Lodge,Concession camp,Private,31.65932497461822,-24.923808945820475,POINT (31.65932497461822 -24.923808945820475)
Lukimbi Lodge,Concession camp,Private,31.682989961009113,-25.365359931213902,POINT (31.682989961009113 -25.365359931213902)
Lukimbi Flycamp 2,Concession camp,Private,31.63579000103769,-25.3551499664963,POINT (31.63579000103769 -25.3551499664963)
Lukimbi Flycamp 1,Concession camp,Private,31.66487000092802,-25.351889975398198,POINT (31.66487000092802 -25.351889975398198)
Shishangeni Lodge,Concession camp,Private,31.9749721907478,-25.3889999670383,POINT (31.9749721907478 -25.3889999670383)
Jock Flycamp,Concession camp,Private,31.523606393347762,-25.17104316541424,POINT (31.523606393347762 -25.17104316541424)
Main Jock Lodge,Concession camp,Private,31.56410562135095,-25.216420400108028,POINT (31.56410562135095 -25.216420400108028)
Tinga Narina,Concession camp,Private,31.562683314219523,-24.962366661772617,POINT (31.562683314219523 -24.962366661772617)
Tinga Legends,Concession camp,Private,31.583116700134642,-24.971716676947302,POINT (31.583116700134642 -24.971716676947302)
Hoyo Hoyo Tsonga Lodge,Concession camp,Private,31.597469763593242,-24.600009867100834,POINT (31.597469763593242 -24.600009867100834)
Imbali Staff Village,Concession camp,Private,31.62765999980084,-24.595649976597723,POINT (31.62765999980084 -24.595649976597723)
Imbali Safari Lodge,Concession camp,Private,31.62986999986812,-24.60097997736502,POINT (31.62986999986812 -24.60097997736502)
Hamiltons Tented Camp,Concession camp,Private,31.672889999849012,-24.624159977567025,POINT (31.672889999849012 -24.624159977567025)
Hamiltons Staff Village,Concession camp,Private,31.672320000230734,-24.62596997754549,POINT (31.672320000230734 -24.62596997754549)
Pafuri Camp,Concession camp,Private,31.22954237890589,-22.42001804563658,POINT (31.22954237890589 -22.42001804563658)
The Outpost Lodge,Concession camp,Private,31.08424978322876,-22.440222268853155,POINT (31.08424978322876 -22.440222268853155)
Nkambeni Safari Camp,Concession camp,Private,31.19399327387164,-25.13494696864503,POINT (31.19399327387164 -25.13494696864503)
Fitzpatricks Lodge at Jock,Concession camp,Private,31.566953334065836,-25.223945546574495,POINT (31.566953334065836 -25.223945546574495)
Ngala Safari Lodge,Concession camp,Private,31.32113414614493,-24.381386743461466,POINT (31.32113414614493 -24.381386743461466)
South African Wildlife College,Concession camp,Private,31.334817762765482,-24.540876886131386,POINT (31.334817762765482 -24.540876886131386)
Singita Sweni Lodge,Concession camp,Private,31.980531651769585,-24.454066552082576,POINT (31.980531651769585 -24.454066552082576)
Mathikithi Trails,Trails camp,Private,31.728986778903487,-24.436280099951336,POINT (31.728986778903487 -24.436280099951336)
Frazersrus,HR camp,Private,31.30806770168271,-23.481001561109714,POINT (31.30806770168271 -23.481001561109714)
Phabeni EE centre,EE Centre,Private,31.235230869127733,-25.034204597622438,POINT (31.235230869127733 -25.034204597622438)
EcoTraining Makuleke Camp,Concession camp,Private,31.17155150685546,-22.357727973552702,POINT (31.17155150685546 -22.357727973552702)
Mondzo,Unspecified,Private,31.733585896242005,-24.313051070437254,POINT (31.733585896242005 -24.313051070437254)
Pafuri Border Camp,Bush Lodge,Private,31.310660645080336,-22.449682509956997,POINT (31.310660645080336 -22.449682509956997)
Mdluli lodge,Concession camp,Private,31.230012921211404,-25.18669766248043,POINT (31.230012921211404 -25.18669766248043)
Crocodile Bridge,KNP Gate,Public,31.89258657143726,-25.358480632913864,POINT (31.89258657143726 -25.358480632913864)
Malelane,KNP Gate,Public,31.5322480748238,-25.462242036021298,POINT (31.5322480748238 -25.462242036021298)
Numbi,KNP Gate,Public,31.19779114628988,-25.155235225028587,POINT (31.19779114628988 -25.155235225028587)
Pafuri,KNP Gate,Public,31.04128207709203,-22.399849267439016,POINT (31.04128207709203 -22.399849267439016)
Phalaborwa,KNP Gate,Public,31.166061973814458,-23.94570262899793,POINT (31.166061973814458 -23.94570262899793)
Punda Maria,KNP Gate,Public,31.01048065058071,-22.737288654024038,POINT (31.01048065058071 -22.737288654024038)
Paul Kruger,KNP Gate,Public,31.484825272079146,-24.981054292519527,POINT (31.484825272079146 -24.981054292519527)
Orpen,KNP Gate,Public,31.390454263127054,-24.481379204477278,POINT (31.390454263127054 -24.481379204477278)
Pafuri Port of Entry,Port of Entry,Public,31.315532880688636,-22.449221181672495,POINT (31.315532880688636 -22.449221181672495)
Phabeni,KNP Gate,Public,31.24188273415545,-25.02502054780226,POINT (31.24188273415545 -25.02502054780226)
Giriyondo Port of Entry,Port of Entry,Public,31.659574820129603,-23.58432299609762,POINT (31.659574820129603 -23.58432299609762)
Orpen Boom Gate,KNP Gate,Public,31.372259218347416,-24.54197578776526,POINT (31.372259218347416 -24.54197578776526)
Toulon,Private Gate,Private,31.59396974486089,-24.96715575704369,POINT (31.59396974486089 -24.96715575704369)
Afsaal,Picnic spot,Public,31.53269626733633,-25.286789254237572,POINT (31.53269626733633 -25.286789254237572)
Mooiplaas,Picnic spot,Public,31.440983610993285,-23.55588202201327,POINT (31.440983610993285 -23.55588202201327)
Muzandzeni,Picnic spot,Public,31.63474241890218,-24.481674645113298,POINT (31.63474241890218 -24.481674645113298)
Nkuhlu,Picnic spot,Public,31.76912183793491,-24.996922590710945,POINT (31.76912183793491 -24.996922590710945)
Pafuri,Picnic spot,Public,31.24738867021921,-22.42275782892085,POINT (31.24738867021921 -22.42275782892085)
Timbavati,Picnic spot,Public,31.64534762231894,-24.26056900622681,POINT (31.64534762231894 -24.26056900622681)
Tshokwane,Picnic spot,Public,31.85916694013708,-24.78573412730833,POINT (31.85916694013708 -24.78573412730833)
Babalala,Picnic spot,Public,31.25167622150451,-22.904966168896124,POINT (31.25167622150451 -22.904966168896124)
Nhlanguleni,Picnic spot,Public,31.656527903038292,-24.710113479224106,POINT (31.656527903038292 -24.710113479224106)
Nwanetsi,Picnic spot,Public,31.976122628414036,-24.457998476419313,POINT (31.976122628414036 -24.457998476419313)
Albasini Ruins,Get out point,Public,31.240115065574038,-25.021236815542583,POINT (31.240115065574038 -25.021236815542583)
Hippo Pool,Look out point,Public,31.86890052488502,-25.36701048780074,POINT (31.86890052488502 -25.36701048780074)
Kruger Tablets,Get out point,Public,31.774686314469573,-24.871976162169908,POINT (31.774686314469573 -24.871976162169908)
Masorini,Picnic spot,Public,31.267113395997047,-23.92162285576397,POINT (31.267113395997047 -23.92162285576397)
Mlondozi Dam,Picnic spot,Public,31.934926933661632,-25.035623583559637,POINT (31.934926933661632 -25.035623583559637)
Nkumbe,Get out point,Public,31.894948829819654,-24.857749965387143,POINT (31.894948829819654 -24.857749965387143)
N'wamanzi,Get out point,Public,31.667503236244187,-24.017052735248424,POINT (31.667503236244187 -24.017052735248424)
Orpen Dam,Get out point,Public,31.89770069355486,-24.792116124845972,POINT (31.89770069355486 -24.792116124845972)
Rabelais' Hut,Get out point,Public,31.468457594876547,-24.468426691431464,POINT (31.468457594876547 -24.468426691431464)
Stevenson Hamilton,Get out point,Public,31.597658076396606,-25.103987245803008,POINT (31.597658076396606 -25.103987245803008)
Tshanga,Get out point,Public,31.233390896715402,-23.226886937063533,POINT (31.233390896715402 -23.226886937063533)
Longwe,Get out point,Public,31.641982012505625,-23.82577252410974,POINT (31.641982012505625 -23.82577252410974)
Mathekenyane - Granokop,Get out point,Public,31.552431134383955,-25.067125861077756,POINT (31.552431134383955 -25.067125861077756)
Renosterpan,Look out point,Public,31.50812167971648,-25.323720913277228,POINT (31.50812167971648 -25.323720913277228)
Nyamundwa,Look out point,Public,31.333663030468433,-25.024526046528393,POINT (31.333663030468433 -25.024526046528393)
Olifant Drinkgat,Look out point,Public,31.747981925915976,-24.897443592326013,POINT (31.747981925915976 -24.897443592326013)
Baobab Tree,Look out point,Public,31.787697594844534,-24.618589484094862,POINT (31.787697594844534 -24.618589484094862)
Mondzweni,Look out point,Public,31.638425811970247,-24.558964353848054,POINT (31.638425811970247 -24.558964353848054)
Bobbejaankrans,Look out point,Public,31.523347147894572,-24.405110688564896,POINT (31.523347147894572 -24.405110688564896)
Mingerhout,Look out point,Public,31.499144255827247,-23.760852614564843,POINT (31.499144255827247 -23.760852614564843)
Red Rocks,Get out point,Public,31.293729890182828,-23.181067841353787,POINT (31.293729890182828 -23.181067841353787)
Shipirivirhi,Dam,Public,31.375437646957312,-23.110770067627598,POINT (31.375437646957312 -23.110770067627598)
Dzundwini,Look out point,Public,31.15709970959575,-22.76981331790337,POINT (31.15709970959575 -22.76981331790337)
Thulamela,Look out point,Public,31.194861865698197,-22.432472535502136,POINT (31.194861865698197 -22.432472535502136)
Witsand,Dam,Public,30.99422537978498,-22.666602103173453,POINT (30.99422537978498 -22.666602103173453)
Mazanje,Dam,Public,31.194034411613817,-22.56551541540586,POINT (31.194034411613817 -22.56551541540586)
Nwambu,Dam,Public,31.31872747232464,-23.370154291333556,POINT (31.31872747232464 -23.370154291333556)
Olifantsbad Pan,Pan,Public,31.33042628455548,-23.332658969747285,POINT (31.33042628455548 -23.332658969747285)
Matjulu,Look out point,Public,31.436456361706284,-25.40283250384494,POINT (31.436456361706284 -25.40283250384494)
Silwervis,Look out point,Public,31.22165137626085,-23.216155436289707,POINT (31.22165137626085 -23.216155436289707)
Magamba,Dam,Public,31.194229864041066,-22.769095532581503,POINT (31.194229864041066 -22.769095532581503)
Berg-en-Dal,Day visitor,Public,31.45280475205421,-25.445208724686708,POINT (31.45280475205421 -25.445208724686708)
Pretoriuskop,Day visitor,Public,31.258045228768253,-25.15607514035913,POINT (31.258045228768253 -25.15607514035913)
Skukuza,Day visitor,Public,31.598375855393787,-24.992208341278907,POINT (31.598375855393787 -24.992208341278907)
Lower Sabie,Day visitor,Public,31.915255803889647,-25.12034628193006,POINT (31.915255803889647 -25.12034628193006)
Satara,Day visitor,Public,31.7795378796596,-24.391625046275575,POINT (31.7795378796596 -24.391625046275575)
Letaba,Day visitor,Public,31.574951658974257,-23.855258225218403,POINT (31.574951658974257 -23.855258225218403)
Mopani,Day visitor,Public,31.39838504206678,-23.520748867526205,POINT (31.39838504206678 -23.520748867526205)
Shingwedzi,Day visitor,Public,31.43320394250226,-23.10820234829369,POINT (31.43320394250226 -23.10820234829369)
Look out,Get out point,Public,31.568503936855763,-24.407885160529226,POINT (31.568503936855763 -24.407885160529226)
View point,Look out point,Public,31.89441344327222,-24.850085425840998,POINT (31.89441344327222 -24.850085425840998)
Olifants,Get out point,Public,31.77479177795547,-23.98192000373445,POINT (31.77479177795547 -23.98192000373445)
Makhadzi,Picnic spot,Public,31.62125804945483,-23.690705301672942,POINT (31.62125804945483 -23.690705301672942)
Punda Maria EE Centre,Picnic spot,Public,31.013220023348676,-22.73441921843412,POINT (31.013220023348676 -22.73441921843412)
Afsaal,Borehole,Public,31.53319,-25.28517,POINT (31.53319 -25.28517)
Ampie,Borehole,Public,31.52741,-25.35544,POINT (31.52741 -25.35544)
Babalala,Borehole,Public,31.24928,-22.90582,POINT (31.24928 -22.90582)
Balule,Borehole,Public,31.73373,-24.05454,POINT (31.73373 -24.05454)
Bangu,Borehole,Public,31.82136,-24.109,POINT (31.82136 -24.109)
Berg en Dal (previously Matjulu dam),"Dam, concrete",Public,31.45126,-25.42546,POINT (31.45126 -25.42546)
Boulders rest camp,Borehole,Public,31.3795,-23.6069,POINT (31.3795 -23.6069)
Bowker Kop,Borehole,Public,31.40047,-23.49789,POINT (31.40047 -23.49789)
Boyela No. 1,Borehole,Public,31.28558,-22.94192,POINT (31.28558 -22.94192)
Brak Kol,Borehole,Public,31.4748,-25.2539,POINT (31.4748 -25.2539)
Coetzer,Borehole,Public,31.0214,-22.6961,POINT (31.0214 -22.6961)
Crocodile Bridge rest camp,Borehole,Public,31.8947,-25.3536,POINT (31.8947 -25.3536)
De Laporte,Borehole,Public,31.5691,-25.05813,POINT (31.5691 -25.05813)
Eendrag,Borehole,Public,31.33172,-23.4042,POINT (31.33172 -23.4042)
Engelhard Dam,"Dam, concrete weir",Public,31.63766,-23.83712,POINT (31.63766 -23.83712)
Erfplaas,Borehole,Public,31.30303,-23.92063,POINT (31.30303 -23.92063)
Frazers Rus,Borehole,Public,31.31343,-23.48262,POINT (31.31343 -23.48262)
Gezantfombi,"Dam, concrete",Public,31.87876,-25.33097,POINT (31.87876 -25.33097)
Girivana No. 1,Borehole,Public,31.5816,-24.3586,POINT (31.5816 -24.3586)
Gomondwane No. 1,Borehole,Public,31.84552,-25.25464,POINT (31.84552 -25.25464)
Grysbok,Borehole,Public,31.34872,-23.4515,POINT (31.34872 -23.4515)
Gudzani,"Dam, concrete",Public,31.92411,-24.36281,POINT (31.92411 -24.36281)
Hamiltons Camp,Borehole,Public,31.66413,-24.6164,POINT (31.66413 -24.6164)
Hillside No. 1,Borehole,Public,31.913,-24.96862,POINT (31.913 -24.96862)
Jock of the Bushveld No. 1,Borehole,Public,31.5639,-25.2105,POINT (31.5639 -25.2105)
Kanniedood,"Dam, concrete",Public,31.45457,-23.12675,POINT (31.45457 -23.12675)
Klein Shawu,Borehole,Public,31.4841,-23.64132,POINT (31.4841 -23.64132)
Klopper Fontein,"Dam, concrete",Public,31.17171,-22.62867,POINT (31.17171 -22.62867)
Klopper Fontein No. 1,Borehole,Public,31.16501,-22.63666,POINT (31.16501 -22.63666)
Komapiti,Borehole,Public,31.39655,-25.21855,POINT (31.39655 -25.21855)
Kumana,"Dam, earthen",Public,31.79528,-24.61963,POINT (31.79528 -24.61963)
Kumana No. 1,Borehole,Public,31.79523,-24.61845,POINT (31.79523 -24.61845)
Kwaggas Pan,Borehole,Public,31.55894,-25.14479,POINT (31.55894 -25.14479)
Lake Panic (lower),"Dam, earthen",Public,31.57438,-24.98509,POINT (31.57438 -24.98509)
Lake Panic (upper),"Dam, earthen",Public,31.57008,-24.98173,POINT (31.57008 -24.98173)
Lamont,Borehole,Public,31.40492,-23.0713,POINT (31.40492 -23.0713)
Letaba rest camp,Borehole,Public,31.5714,-23.8544,POINT (31.5714 -23.8544)
Lisbon Weir,"Dam, concrete",Public,31.43134,-24.98383,POINT (31.43134 -24.98383)
Louis se gat (Mbuhle),Borehole,Public,31.45727,-23.11,POINT (31.45727 -23.11)
Machangani No. 1,Borehole,Public,31.22687,-23.91843,POINT (31.22687 -23.91843)
Magamba No. 1,Borehole,Public,31.19412,-22.76925,POINT (31.19412 -22.76925)
Makhadzi,Borehole,Public,31.6195,-23.69553,POINT (31.6195 -23.69553)
Malelane Gate No. 1,Borehole,Public,31.5083,-25.48028,POINT (31.5083 -25.48028)
Malopenyana,Borehole,Public,31.54238,-23.70972,POINT (31.54238 -23.70972)
Mantimahle dam,"Dam, earthen",Public,31.73029,-24.89878,POINT (31.73029 -24.89878)
Manzimhlophe No. 1,Borehole,Public,31.73529,-24.84305,POINT (31.73529 -24.84305)
Maroela,Borehole,Public,31.39856,-24.45689,POINT (31.39856 -24.45689)
Mashagadzi,Borehole,Public,31.41997,-23.14042,POINT (31.41997 -23.14042)
Mashikiri No. 1,Borehole,Public,31.18178,-22.58691,POINT (31.18178 -22.58691)
Masorini,Borehole,Public,31.27442,-23.92665,POINT (31.27442 -23.92665)
Matjulu No. 1,Borehole,Public,31.4365,-25.40305,POINT (31.4365 -25.40305)
Mazithi,"Dam, earthen",Public,31.83596,-24.72157,POINT (31.83596 -24.72157)
Mestel,"Dam, earthen",Public,31.215,-25.11726,POINT (31.215 -25.11726)
Mhisana Mond No. 1,Borehole,Public,31.71928,-24.61517,POINT (31.71928 -24.61517)
Mingerhout,"Dam, concrete weir",Public,31.49958,-23.75916,POINT (31.49958 -23.75916)
Mlondozi No. 1,Borehole,Public,31.9331,-25.03712,POINT (31.9331 -25.03712)
Mlondozi,"Dam, earthen",Public,31.92907,-25.03528,POINT (31.92907 -25.03528)
Mooiplaas,"Dam, earthen",Public,31.44371,-23.53151,POINT (31.44371 -23.53151)
Mooiplaas Picnic Site,Borehole,Public,31.44215,-23.54001,POINT (31.44215 -23.54001)
Mooiplaas Ranger Quarters,Borehole,Public,31.4405,-23.53854,POINT (31.4405 -23.53854)
Mopani,Borehole,Public,31.4,-23.5267,POINT (31.4 -23.5267)
Mpondo,"Dam, earthen",Public,31.71681,-25.20195,POINT (31.71681 -25.20195)
Muhlambamadvube No. 1,Borehole,Public,31.59445,-25.20538,POINT (31.59445 -25.20538)
Nandzana,Borehole,Public,31.28942,-23.83262,POINT (31.28942 -23.83262)
Ngotso,"Dam, concrete weir",Public,31.7211,-24.10367,POINT (31.7211 -24.10367)
Ngotso South,Pipeline trough,Public,31.7206,-24.2075,POINT (31.7206 -24.2075)
Ngotso North,Pipeline trough,Public,31.7074,-24.12987,POINT (31.7074 -24.12987)
Ngwenyeni,"Dam, concrete weir",Public,31.67159,-24.62104,POINT (31.67159 -24.62104)
Ngwenyeni (Phalaborwa) No. 1,Borehole,Public,31.23875,-23.85815,POINT (31.23875 -23.85815)
Nhlanganini ('Winkelhaak'),"Dam, concrete",Public,31.49454,-23.93523,POINT (31.49454 -23.93523)
Nhlangwini breeding camp,Borehole,Public,31.29409,-25.20501,POINT (31.29409 -25.20501)
Nkovakulu No. 1,Borehole,Public,31.19058,-22.53061,POINT (31.19058 -22.53061)
Nsemani,"Dam, earthen",Public,31.71945,-24.39361,POINT (31.71945 -24.39361)
N'wambu No. 1,Borehole,Public,31.31869,-23.37051,POINT (31.31869 -23.37051)
N'wanetsi,"Dam, concrete weir",Public,31.98101,-24.45389,POINT (31.98101 -24.45389)
N'wanetsi Letaba,Borehole,Public,31.417454,-23.87354,POINT (31.417454 -23.87354)
N'watimhiri,"Dam, earthen",Public,31.80096,-25.05469,POINT (31.80096 -25.05469)
Nyamarhi,Pipeline trough,Public,31.7194,-24.1678,POINT (31.7194 -24.1678)
Nyamundwa,"Dam, earthen",Public,31.33416,-25.02574,POINT (31.33416 -25.02574)
Opsaal,Borehole,Public,31.1759,-22.62333,POINT (31.1759 -22.62333)
Orpen,Borehole,Public,31.393,-24.4714,POINT (31.393 -24.4714)
Pafuri Ranger Quarters No. 1,Borehole,Public,31.20982,-22.41927,POINT (31.20982 -22.41927)
Piet Grobler,"Dam, concrete",Public,31.63333,-24.23278,POINT (31.63333 -24.23278)
Pionier,"Dam, concrete",Public,31.39252,-23.52389,POINT (31.39252 -23.52389)
Punda Maria Gate No. 1,Borehole,Public,31.01041,-22.73857,POINT (31.01041 -22.73857)
Punda Marial personnel quarters No. 1,Borehole,Public,31.02373,-22.69193,POINT (31.02373 -22.69193)
Punda Maria rest camp No. 1,Borehole,Public,31.01172,-22.7347,POINT (31.01172 -22.7347)
Red Rocks,Borehole,Public,31.29358,-23.18171,POINT (31.29358 -23.18171)
Renoster Pan,Borehole,Public,31.51185,-25.32471,POINT (31.51185 -25.32471)
Roodewal,Borehole,Public,31.63462,-24.14307,POINT (31.63462 -24.14307)
Sable,"Dam, earthen",Public,31.23722,-23.93908,POINT (31.23722 -23.93908)
Sable Hide,Borehole,Public,31.23862,-23.93467,POINT (31.23862 -23.93467)
Samevloeiing,Borehole,Public,31.30389,-22.42404,POINT (31.30389 -22.42404)
Sand River bush camp,Borehole,Public,31.68403,-24.94883,POINT (31.68403 -24.94883)
Sand River military base No. 1,Borehole,Public,31.68294,-24.94674,POINT (31.68294 -24.94674)
Sandpiper,Borehole,Public,31.31581,-23.02046,POINT (31.31581 -23.02046)
Satara No. 1,Borehole,Public,31.77833,-24.39778,POINT (31.77833 -24.39778)
Satara trough (East),Pipeline trough,Public,31.780721,-24.393565,POINT (31.780721 -24.393565)
Satara trough (North),Pipeline trough,Public,31.776221,-24.391015,POINT (31.776221 -24.391015)
Shibotwana No. 1,Borehole,Public,31.84702,-24.39305,POINT (31.84702 -24.39305)
Shidakeni,Borehole,Public,31.63823,-23.6671,POINT (31.63823 -23.6671)
Shimangwaneni,"Dam, earthen",Public,31.63896,-24.50352,POINT (31.63896 -24.50352)
Shingwedzi rest camp No. 1,Borehole,Public,31.43412,-23.10765,POINT (31.43412 -23.10765)
Shipandani,Borehole,Public,31.4092,-23.5336,POINT (31.4092 -23.5336)
Shiphampanane,Borehole,Public,31.4897,-25.12351,POINT (31.4897 -25.12351)
Shisha,"Dam, concrete weir",Public,31.23903,-22.84222,POINT (31.23903 -22.84222)
Shitlhave,"Dam, earthen",Public,31.32519,-25.14517,POINT (31.32519 -25.14517)
Silwervis,"Dam, concrete",Public,31.22333,-23.21889,POINT (31.22333 -23.21889)
Stapel Kop,"Dam, earthen",Public,31.25191,-23.59353,POINT (31.25191 -23.59353)
Sunset Dam,"Dam, earthen",Public,31.91149,-25.11735,POINT (31.91149 -25.11735)
Talamati No. 1,Borehole,Public,31.55492,-24.55623,POINT (31.55492 -24.55623)
Tihongonyeni,Borehole,Public,31.44761,-23.43857,POINT (31.44761 -23.43857)
Transport (Vervoer),"Dam, earthen",Public,31.49246,-25.11842,POINT (31.49246 -25.11842)
Tsale No. 1,Borehole,Public,31.36358,-23.65928,POINT (31.36358 -23.65928)
Twanana,Borehole,Public,31.37972,-23.52254,POINT (31.37972 -23.52254)
Voetpad,Borehole,Public,31.52492,-23.301,POINT (31.52492 -23.301)
Voortrekker ('Mitomeni'),Borehole,Public,31.46476,-25.25387,POINT (31.46476 -25.25387)
Welverdiend,Borehole,Public,31.70319,-24.50473,POINT (31.70319 -24.50473)
Wenela,"Dam, concrete weir",Public,31.97685,-24.44577,POINT (31.97685 -24.44577)
Witpens,Pipeline trough,Public,31.75098,-24.32793,POINT (31.75098 -24.32793)
